scenarij;blok;velicina_B;brzina_bit_s;sirenje_ms;pocetak_slanja_ms;kraj_slanja_ms;primitak_ms;status
A;1;1000;1000000;5;0;8;13;primljen
A;2;1000;1000000;5;8;16;21;primljen
A;3;1000;1000000;5;16;24;29;primljen
A;4;1000;1000000;5;24;32;37;primljen
A;5;1000;1000000;5;32;40;45;primljen
A;6;1000;1000000;5;40;48;53;primljen
A;7;1000;1000000;5;48;56;61;primljen
A;8;1000;1000000;5;56;64;69;primljen
A;9;1000;1000000;5;64;72;77;primljen
A;10;1000;1000000;5;72;80;85;primljen
B;1;1000;100000;5;0;80;85;primljen
B;2;1000;100000;5;80;160;165;primljen
B;3;1000;100000;5;160;240;245;primljen
B;4;1000;100000;5;240;320;325;primljen
B;5;1000;100000;5;320;400;405;primljen
B;6;1000;100000;5;400;480;485;primljen
B;7;1000;100000;5;480;560;565;primljen
B;8;1000;100000;5;560;640;645;primljen
B;9;1000;100000;5;640;720;725;primljen
B;10;1000;100000;5;720;800;805;primljen
C;1;1000;1000000;50;0;8;58;primljen
C;2;1000;1000000;50;8;16;66;primljen
C;3;1000;1000000;50;16;24;74;primljen
C;4;1000;1000000;50;24;32;82;primljen
C;5;1000;1000000;50;32;40;90;primljen
C;6;1000;1000000;50;40;48;98;primljen
C;7;1000;1000000;50;48;56;106;primljen
C;8;1000;1000000;50;56;64;114;primljen
C;9;1000;1000000;50;64;72;122;primljen
C;10;1000;1000000;50;72;80;130;primljen
D;1;1000;1000000;5;0;8;13;primljen
D;2;1000;1000000;5;8;16;21;primljen
D;3;1000;1000000;5;16;24;;izgubljen
D;4;1000;1000000;5;24;32;37;primljen
D;5;1000;1000000;5;32;40;45;primljen
D;6;1000;1000000;5;40;48;53;primljen
D;7;1000;1000000;5;48;56;61;primljen
D;8;1000;1000000;5;56;64;;izgubljen
D;9;1000;1000000;5;64;72;77;primljen
D;10;1000;1000000;5;72;80;85;primljen
